Surname,Name,Age,Subscription Date
Smith,Sarah,30,1588157373
Picard,Francine,32,1588161732
Roth,Hans,40,1588157337
Pomme,Ali,28,1588165636
Di Lillo,Jordi,42,1588156042
Roth,Anna,26,1588162689
Kirk,Jordi,56,1588153009
Beierlorzer,Josie,20,1588166376
Picard,Robert,39,1588158173
Meier,Jean-Luc,37,1588156009
Kirk,Josie,31,1588166811
Wellington,Sarah,40,1588160408
Meier,Francine,32,1588161431
Pomme,Anna,41,1588168125
Smith,Zoe,26,1588164495
Thronton,Thomas,17,1588163739
Meier,Sarah,51,1588162192
Smith,Thomas,33,1588169603
Stephenson,Hans,49,1588163831
Smith,Sarah,21,1588163361
Wellington,Jordi,43,1588163053
Picard,Jordi,35,1588152398
Stephenson,Simon,54,1588162456
Gwahsi,Sarah,22,1588165278
Di Lillo,Thomas,48,1588150766
Beierlorzer,Jean-Luc,28,1588148707
Kirk,Jordi,34,1588162542
Di Lillo,Alok,31,1588157964
Roth,Franz,38,1588158433
Picard,Andreas,21,1588160223
Thronton,Ali,31,1588159200
Roth,Hans,42,1588157067
Beierlorzer,Zoe,24,1588160437
Thronton,Alok,38,1588166343
Gwahsi,Simon,22,1588157515
Bond,Agaba,16,1588162852
Pomme,Thomas,29,1588159655
Thronton,Simon,44,1588151812
Bond,Ali,40,1588160974
Stephenson,Andreas,46,1588157539
Bond,Andreas,36,1588148505
Wellington,Robert,52,1588161520
Bond,Simon,38,1588164619
Stephenson,Agaba,29,1588165785
Gwahsi,Alok,31,1588150555
Beierlorzer,Francine,43,1588155079
Picard,Sarah,23,1588161552
Gwahsi,Ali,24,1588157502
Wellington,Zoe,47,1588165740
Picard,Hans,27,1588155462
Gwahsi,Jordi,19,1588159088
Roth,Jordi,41,1588164971
Bond,Jordi,33,1588161949
Picard,Sarah,25,1588159506
Thronton,Francine,33,1588163100
Wellington,Zoe,34,1588157419
Thronton,Zoe,45,1588161776
Mueller,Franz,19,1588160401
Picard,Hans,58,1588162600
Picard,Hans,41,1588159095
Kirk,Andreas,29,1588149119
Pomme,Jordi,38,1588157397
Beierlorzer,Jordi,29,1588163924
Di Lillo,Lee,38,1588161459
Meier,Francine,50,1588167423
Bond,Zoe,33,1588161642
Gwahsi,Agaba,51,1588155646
Pomme,Andreas,35,1588168007
Bond,Ali,40,1588156877
Mueller,Hans,38,1588163864
Beierlorzer,Ali,20,1588160444
Stephenson,Alok,44,1588161506
Smith,Ali,25,1588152406
Stephenson,Francine,39,1588161165
Bond,Alok,33,1588165264
Picard,Zoe,35,1588163567
Roth,Jean-Luc,40,1588150286
Kirk,Robert,35,1588158561
Stephenson,Jean-Luc,30,1588157108
Stephenson,Anna,40,1588167603
Thronton,Alok,30,1588156845
Roth,Robert,43,1588163025
Stephenson,Ali,36,1588164781
Kirk,Simon,28,1588150295
Smith,Sarah,49,1588158371
Beierlorzer,Jordi,9,1588161638
Di Lillo,Agaba,18,1588159529
Stephenson,Jean-Luc,37,1588158882
Stephenson,Simon,39,1588158958
Thronton,Jean-Luc,43,1588166019
Bond,Jean-Luc,24,1588159458
Kirk,Andreas,40,1588159273
Thronton,Thomas,24,1588161867
Pomme,Franz,38,1588159835
Mueller,Anna,22,1588164872
Stephenson,Alok,53,1588159295
Picard,Lee,42,1588161454
Bond,Anna,27,1588165500
Meier,Thomas,29,1588164375
Mueller,Franz,26,1588160113
Bond,Anna,41,1588150350
Mueller,Agaba,30,1588158557
Pomme,Andreas,19,1588156101
Wellington,Agaba,27,1588157511
Beierlorzer,Agaba,32,1588164023
Smith,Andreas,34,1588154526
Smith,Simon,34,1588163868
Roth,Zoe,36,1588163275
Bond,Agaba,38,1588148180
Picard,Robert,35,1588146269
Gwahsi,Anna,42,1588159513
Picard,Robert,29,1588161373
Pomme,Agaba,28,1588162442
Pomme,Zoe,31,1588159345
Pomme,Alok,15,1588160522
Thronton,Hans,31,1588154619
Bond,Josie,48,1588159319
Gwahsi,Andreas,13,1588156976
Pomme,Timothy,26,1588156201
Pomme,Josie,45,1588157490
Bond,Lee,14,1588157760
Gwahsi,Simon,26,1588177954
Pomme,Ali,36,1588161557
Bond,Sarah,27,1588156358
Mueller,Alok,43,1588165691
Stephenson,Josie,57,1588153925
Smith,Francine,31,1588162083
Di Lillo,Thomas,35,1588167746
Bond,Sarah,43,1588166061
Kirk,Jordi,14,1588158944
Mueller,Franz,43,1588157380
Meier,Thomas,46,1588156793
Roth,Thomas,39,1588166207
Kirk,Zoe,44,1588159020
Picard,Andreas,33,1588158107
Thronton,Jean-Luc,30,1588160809
Mueller,Timothy,36,1588164359
Picard,Agaba,34,1588166269
Stephenson,Franz,10,1588157565
Gwahsi,Jordi,29,1588157324
Wellington,Hans,18,1588160490
Kirk,Alok,33,1588156614
Picard,Agaba,28,1588152010
Stephenson,Franz,24,1588149669
Picard,Lee,30,1588160732
Stephenson,Jordi,33,1588170454
Thronton,Francine,41,1588163067
Picard,Francine,35,1588158693
Pomme,Hans,41,1588155414
Pomme,Jean-Luc,31,1588156803
Wellington,Simon,45,1588168135
Picard,Andreas,38,1588158866
Bond,Agaba,26,1588156380
Beierlorzer,Franz,37,1588162119
Picard,Thomas,20,1588160804
Stephenson,Simon,23,1588159015
Meier,Lee,18,1588158390
Bond,Josie,32,1588165322
Gwahsi,Lee,34,1588157960
Pomme,Ali,21,1588155088
Picard,Thomas,26,1588162311
Picard,Sarah,18,1588157282
Thronton,Agaba,47,1588160679
Gwahsi,Jean-Luc,27,1588157455
Beierlorzer,Sarah,50,1588158553
Mueller,Simon,48,1588159778
Stephenson,Lee,34,1588157512
Gwahsi,Robert,42,1588158676
Meier,Jean-Luc,41,1588158938
Meier,Francine,36,1588162344
Meier,Francine,32,1588157344
Bond,Sarah,44,1588162648
Roth,Zoe,30,1588164274
Smith,Jean-Luc,22,1588159246
Smith,Agaba,36,1588167342
Pomme,Jordi,43,1588160816
Beierlorzer,Jean-Luc,45,1588166705
Mueller,Simon,31,1588167348
Beierlorzer,Timothy,42,1588147835
Thronton,Jean-Luc,30,1588167711
Beierlorzer,Thomas,9,1588160200
Meier,Robert,39,1588169491
Mueller,Zoe,49,1588162256
Thronton,Francine,26,1588160829
Picard,Andreas,20,1588168218
Picard,Josie,50,1588162852
Kirk,Jordi,39,1588148485
Bond,Jean-Luc,46,1588158870
Smith,Alok,23,1588157828
Kirk,Jordi,22,1588167645
Smith,Alok,36,1588158948
Di Lillo,Sarah,52,1588154027
Pomme,Andreas,22,1588165262
Mueller,Franz,42,1588156272
Kirk,Josie,29,1588154773
Meier,Zoe,29,1588166939
Bond,Ali,37,1588168153
Stephenson,Ali,24,1588159417
Roth,Agaba,19,1588165088
Bond,Jean-Luc,29,1588166078
Stephenson,Francine,38,1588163490
Kirk,Thomas,36,1588154922
Bond,Sarah,40,1588166290
Smith,Thomas,46,1588166954
Beierlorzer,Alok,42,1588170382
Kirk,Agaba,44,1588164919
Picard,Jordi,55,1588153477
Beierlorzer,Jordi,41,1588153695
Beierlorzer,Lee,46,1588169737
Bond,Jordi,28,1588156296
Thronton,Timothy,38,1588157706
Roth,Anna,25,1588170471
Beierlorzer,Andreas,43,1588162006
Gwahsi,Jordi,29,1588154334
Kirk,Lee,37,1588168284
Meier,Agaba,45,1588165035
Stephenson,Anna,24,1588164264
Picard,Francine,49,1588160442
Wellington,Hans,35,1588149346
Roth,Simon,27,1588155645
Thronton,Jean-Luc,24,1588162302
Picard,Andreas,29,1588155098
Gwahsi,Simon,39,1588156618
Di Lillo,Timothy,27,1588160072
Roth,Franz,48,1588160196
Kirk,Jean-Luc,36,1588157292
Di Lillo,Timothy,27,1588156491
Pomme,Zoe,43,1588166095
Mueller,Jean-Luc,30,1588155518
Picard,Jordi,39,1588159944
Roth,Jordi,37,1588160169
Mueller,Robert,33,1588164170
Smith,Hans,31,1588163964
Gwahsi,Timothy,27,1588166438
Beierlorzer,Anna,36,1588152873
Beierlorzer,Hans,18,1588157922
Mueller,Franz,38,1588152707
Meier,Thomas,36,1588158317
Smith,Josie,30,1588165500
Beierlorzer,Jordi,27,1588157898
Di Lillo,Thomas,30,1588157566
Roth,Robert,37,1588151185
Kirk,Lee,44,1588157031
Meier,Agaba,42,1588167478
Thronton,Anna,32,1588152428
Pomme,Simon,57,1588164296
Meier,Thomas,37,1588168135
Gwahsi,Jordi,30,1588161022
Mueller,Jean-Luc,44,1588167072
Gwahsi,Josie,41,1588156610
Kirk,Francine,50,1588171994
Thronton,Zoe,23,1588150982
Smith,Sarah,36,1588163083
Smith,Hans,12,1588164806
Beierlorzer,Thomas,27,1588146448
Bond,Andreas,51,1588158176
Di Lillo,Robert,44,1588159731
Pomme,Agaba,42,1588155213
Mueller,Anna,32,1588154403
Roth,Anna,53,1588161053
Thronton,Jean-Luc,15,1588162971
Stephenson,Anna,51,1588155828
Mueller,Simon,36,1588158025
Pomme,Simon,33,1588165724
Mueller,Thomas,19,1588159858
Smith,Jordi,38,1588156624
Smith,Agaba,45,1588160750
Pomme,Thomas,21,1588156417
Mueller,Lee,26,1588162028
Stephenson,Anna,17,1588167791
Picard,Francine,42,1588165178
Bond,Anna,34,1588161989
Di Lillo,Ali,37,1588166893
Meier,Zoe,35,1588156588
Bond,Josie,52,1588165326
Di Lillo,Thomas,37,1588162336
Picard,Thomas,27,1588154317
Wellington,Sarah,36,1588165670
Kirk,Simon,54,1588163966
Roth,Timothy,35,1588155677
Beierlorzer,Ali,44,1588161077
Di Lillo,Alok,40,1588159942
Beierlorzer,Alok,24,1588168777
Beierlorzer,Jean-Luc,44,1588160053
Meier,Thomas,38,1588156317
Meier,Lee,42,1588153572
Stephenson,Timothy,24,1588163487
Mueller,Francine,20,1588157962
Gwahsi,Agaba,38,1588155237
Gwahsi,Jordi,32,1588150166
Thronton,Hans,50,1588168745
Thronton,Jean-Luc,48,1588161667
Roth,Ali,44,1588154693
Beierlorzer,Timothy,22,1588156025
Beierlorzer,Zoe,24,1588163790
Picard,Timothy,35,1588155468
Gwahsi,Lee,24,1588159255
Mueller,Jordi,37,1588157205
Kirk,Zoe,35,1588156030
Stephenson,Zoe,28,1588166423
Bond,Thomas,28,1588157071
Mueller,Anna,40,1588156425
Kirk,Anna,21,1588157915
Beierlorzer,Francine,34,1588159760
Gwahsi,Agaba,47,1588161424
Di Lillo,Jordi,33,1588166031
Picard,Ali,59,1588162994
Wellington,Hans,31,1588159935
Picard,Jordi,33,1588165993
Beierlorzer,Josie,31,1588153853
Pomme,Francine,15,1588155824
Pomme,Agaba,23,1588162729
Wellington,Andreas,33,1588161362
Beierlorzer,Simon,28,1588158616
Picard,Anna,33,1588161456
Stephenson,Sarah,15,1588166798
Kirk,Zoe,24,1588145636
Smith,Lee,18,1588165417
Di Lillo,Andreas,28,1588158969
Stephenson,Andreas,52,1588158592
Smith,Ali,48,1588156720
Mueller,Jordi,17,1588157751
Stephenson,Zoe,37,1588174856
Meier,Anna,45,1588157295
Gwahsi,Agaba,31,1588164772
Picard,Zoe,22,1588149477
Thronton,Simon,40,1588158514
Bond,Anna,18,1588159368
Roth,Sarah,19,1588158218
Smith,Thomas,36,1588160787
Roth,Jean-Luc,25,1588156458
Mueller,Zoe,38,1588153710
Kirk,Agaba,35,1588153066
Bond,Andreas,38,1588159278
Wellington,Simon,33,1588156711
Thronton,Zoe,31,1588162632
Mueller,Anna,41,1588159868
Bond,Thomas,38,1588156041
Picard,Zoe,30,1588153044
Roth,Sarah,17,1588157107
Smith,Josie,31,1588153804
Stephenson,Alok,29,1588157485
Mueller,Franz,26,1588158860
Wellington,Sarah,18,1588158624
Roth,Alok,25,1588155399
Bond,Sarah,28,1588163654
Gwahsi,Robert,31,1588159709
Bond,Francine,38,1588159491
Picard,Robert,34,1588155748
Mueller,Josie,17,1588164977
Wellington,Robert,44,1588162447
Smith,Francine,40,1588161390
Di Lillo,Jean-Luc,26,1588172904
Beierlorzer,Josie,28,1588155289
Meier,Zoe,49,1588167835
Meier,Agaba,29,1588165802
Meier,Agaba,21,1588157149
Gwahsi,Robert,37,1588160540
Bond,Josie,34,1588155637
Di Lillo,Zoe,17,1588155423
Thronton,Robert,44,1588154146
Picard,Timothy,54,1588160439
Picard,Robert,34,1588166469
Stephenson,Timothy,41,1588161690
Thronton,Francine,33,1588164779
Mueller,Josie,42,1588169763
Gwahsi,Jordi,36,1588169452
Gwahsi,Alok,32,1588158609
Picard,Alok,43,1588156652
Roth,Jean-Luc,35,1588155440
Kirk,Anna,43,1588159864
Mueller,Simon,35,1588158686
Pomme,Simon,47,1588162473
Beierlorzer,Francine,55,1588160311
Wellington,Jean-Luc,23,1588161388
Pomme,Jordi,26,1588154660
Picard,Andreas,30,1588161468
Mueller,Robert,33,1588161591
Beierlorzer,Franz,28,1588163197
Smith,Jordi,34,1588162207
Beierlorzer,Agaba,32,1588151505
Mueller,Jordi,26,1588159690
Picard,Ali,34,1588161763
Picard,Franz,35,1588161616
Stephenson,Andreas,46,1588174859
Thronton,Zoe,45,1588161701
Di Lillo,Jean-Luc,35,1588161076
Smith,Franz,50,1588163714
Kirk,Francine,23,1588165972
Mueller,Jordi,47,1588172330
Thronton,Anna,15,1588159439
Thronton,Anna,28,1588153647
Stephenson,Alok,16,1588161671
Picard,Thomas,47,1588163776
Beierlorzer,Robert,30,1588164383
Pomme,Alok,12,1588159178
Picard,Timothy,31,1588168288
Mueller,Andreas,33,1588151663
Meier,Jean-Luc,42,1588162014
Beierlorzer,Agaba,24,1588162946
Stephenson,Andreas,15,1588156197
Beierlorzer,Jean-Luc,48,1588162072
Di Lillo,Jean-Luc,50,1588163735
Roth,Robert,30,1588154740
Wellington,Franz,32,1588158434
Gwahsi,Franz,51,1588156094
Picard,Franz,29,1588158867
Pomme,Andreas,29,1588161592
Kirk,Simon,25,1588152319
Bond,Robert,36,1588157538
Mueller,Josie,34,1588162248
Beierlorzer,Robert,34,1588155819
Di Lillo,Andreas,17,1588150008
Roth,Zoe,35,1588160738
Beierlorzer,Timothy,30,1588161232
Smith,Josie,23,1588156390
Gwahsi,Robert,25,1588156293
Thronton,Franz,29,1588153286
Roth,Francine,15,1588160681
Gwahsi,Sarah,40,1588155126
Meier,Jordi,40,1588168114
Gwahsi,Josie,36,1588160729
Picard,Timothy,28,1588163574
Kirk,Lee,53,1588154288
Gwahsi,Josie,19,1588160927
Di Lillo,Andreas,44,1588167748
Pomme,Anna,30,1588152414
Stephenson,Jean-Luc,20,1588152604
Smith,Ali,22,1588160469
Smith,Lee,38,1588159427
Di Lillo,Ali,33,1588154220
Wellington,Timothy,27,1588155293
Thronton,Timothy,39,1588156706
Di Lillo,Zoe,27,1588156004
Di Lillo,Lee,43,1588162875
Wellington,Anna,35,1588156772
Kirk,Josie,23,1588161780
Gwahsi,Timothy,28,1588169929
Smith,Thomas,37,1588162598
Beierlorzer,Lee,39,1588160709
Beierlorzer,Ali,31,1588158947
Beierlorzer,Josie,30,1588162916
Wellington,Lee,20,1588158240
Mueller,Ali,35,1588156747
Di Lillo,Hans,47,1588157953
Kirk,Lee,35,1588154884
Pomme,Jordi,31,1588164792
Pomme,Zoe,19,1588158573
Mueller,Simon,17,1588157958
Beierlorzer,Zoe,19,1588174909
Beierlorzer,Lee,25,1588158009
Kirk,Sarah,29,1588166899
Thronton,Francine,22,1588159795
Mueller,Ali,35,1588158362
Gwahsi,Thomas,33,1588158286
Di Lillo,Josie,46,1588159187
Stephenson,Simon,19,1588159394
Mueller,Ali,28,1588169500
Beierlorzer,Timothy,38,1588152095
Picard,Franz,55,1588158340
Roth,Lee,51,1588161617
Pomme,Jean-Luc,29,1588154687
Mueller,Robert,30,1588159592
Smith,Lee,30,1588156256
Bond,Hans,14,1588160772
Stephenson,Francine,27,1588156671
Stephenson,Jean-Luc,32,1588164410
Smith,Thomas,38,1588152897
Wellington,Josie,39,1588157813
Meier,Jordi,16,1588166020
Meier,Anna,37,1588164427
Smith,Agaba,27,1588156296
Roth,Anna,39,1588160862
Meier,Jean-Luc,29,1588157565
Gwahsi,Zoe,39,1588158138
Di Lillo,Zoe,33,1588160268
Bond,Hans,38,1588156424
Beierlorzer,Zoe,44,1588157775
Meier,Andreas,8,1588161921
Pomme,Andreas,29,1588155856
Meier,Ali,34,1588154354
Pomme,Lee,39,1588166711
Gwahsi,Thomas,24,1588155257
Stephenson,Hans,14,1588154724
Thronton,Josie,51,1588168233
Roth,Franz,41,1588163462
Kirk,Francine,37,1588161267
Beierlorzer,Josie,36,1588149882
Gwahsi,Francine,24,1588154385
Pomme,Zoe,47,1588164251
Thronton,Alok,30,1588152316
Smith,Jean-Luc,43,1588165999
Beierlorzer,Francine,35,1588160385
Roth,Alok,31,1588165304
Beierlorzer,Lee,27,1588155009
Roth,Alok,23,1588166300
Wellington,Sarah,43,1588163310
Kirk,Zoe,21,1588150514
Wellington,Alok,26,1588157790
Picard,Ali,12,1588159940
Wellington,Robert,41,1588159412
Roth,Zoe,40,1588161484
Gwahsi,Andreas,28,1588155311
Wellington,Franz,28,1588156835
Bond,Jordi,32,1588160543
Wellington,Zoe,32,1588157882
Roth,Francine,36,1588157977
Wellington,Hans,24,1588158368
Picard,Hans,36,1588159001
Mueller,Josie,31,1588159414
Bond,Hans,33,1588161692
Meier,Thomas,35,1588161033
Picard,Lee,40,1588165971
Roth,Franz,30,1588152321
Roth,Josie,18,1588153507
Wellington,Josie,57,1588158926
Wellington,Simon,40,1588163431
Meier,Alok,31,1588156241
Wellington,Zoe,34,1588165431
Kirk,Anna,46,1588168297
Smith,Lee,42,1588169415
Di Lillo,Lee,32,1588158761
Picard,Timothy,21,1588162430
Wellington,Alok,32,1588161922
Thronton,Agaba,27,1588162314
Kirk,Francine,32,1588153358
Kirk,Thomas,49,1588149792
Roth,Anna,36,1588161741
Pomme,Timothy,48,1588173173
Gwahsi,Francine,29,1588158042
Bond,Andreas,30,1588168914
Gwahsi,Thomas,51,1588164614
Meier,Andreas,43,1588171540
Di Lillo,Agaba,40,1588157016
Smith,Sarah,32,1588153992
Pomme,Jean-Luc,39,1588172812
Beierlorzer,Francine,49,1588162952
Wellington,Hans,23,1588161996
Mueller,Simon,14,1588159860
Wellington,Jordi,39,1588164126
Thronton,Jean-Luc,33,1588160084
Wellington,Sarah,19,1588158180
Meier,Timothy,45,1588162138
Kirk,Jordi,42,1588158146
Di Lillo,Simon,29,1588158762
Meier,Thomas,43,1588160831
Meier,Robert,33,1588160989
Pomme,Simon,25,1588165981
Smith,Franz,21,1588160348
Di Lillo,Simon,44,1588154124
Di Lillo,Alok,48,1588163210
Gwahsi,Hans,41,1588164102
Roth,Robert,35,1588154113
Kirk,Alok,49,1588160593
Di Lillo,Andreas,13,1588159838
Stephenson,Agaba,53,1588156872
Thronton,Jordi,37,1588156700
Wellington,Ali,62,1588156913
Smith,Josie,23,1588162922
Pomme,Andreas,34,1588158272
Smith,Agaba,31,1588163556
Pomme,Zoe,38,1588161377
Mueller,Sarah,24,1588168192
Thronton,Francine,25,1588162777
Smith,Francine,46,1588158845
Bond,Franz,30,1588154724
Thronton,Alok,33,1588152517
Roth,Sarah,29,1588159696
Kirk,Thomas,14,1588159423
Kirk,Francine,39,1588152963
Wellington,Franz,44,1588165545
Bond,Andreas,28,1588156157
Kirk,Jordi,39,1588156929
Picard,Zoe,42,1588166140
Smith,Robert,45,1588156119
Mueller,Ali,35,1588168662
Thronton,Simon,19,1588159292
Kirk,Andreas,44,1588156116
Meier,Lee,45,1588164617
Meier,Jean-Luc,49,1588156126
Picard,Anna,43,1588167372
Pomme,Robert,26,1588149142
Bond,Sarah,41,1588166102
Wellington,Anna,24,1588152259
Beierlorzer,Jean-Luc,42,1588160560
Picard,Lee,49,1588163969
Smith,Anna,44,1588163486
Di Lillo,Ali,43,1588157117
Beierlorzer,Alok,33,1588159809
Thronton,Zoe,32,1588161946
Bond,Zoe,39,1588162749
Kirk,Thomas,37,1588164329
Roth,Anna,39,1588158349
Kirk,Anna,28,1588163345
Meier,Anna,10,1588155264
Smith,Sarah,39,1588163705
Kirk,Alok,51,1588158057
Beierlorzer,Franz,22,1588158634
Stephenson,Francine,40,1588161407
Di Lillo,Andreas,33,1588161712
Stephenson,Francine,36,1588160732
Mueller,Franz,31,1588153100
Roth,Thomas,16,1588151987
Smith,Jean-Luc,51,1588166214
Mueller,Agaba,15,1588163684
Stephenson,Hans,39,1588165596
Picard,Andreas,25,1588168742
Picard,Agaba,28,1588159775
Beierlorzer,Hans,44,1588159894
Roth,Jordi,40,1588158179
Thronton,Jean-Luc,42,1588170533
Smith,Timothy,30,1588154639
Kirk,Josie,32,1588166609
Smith,Lee,42,1588162134
Mueller,Sarah,28,1588154270
Meier,Ali,30,1588158244
Beierlorzer,Sarah,38,1588164049
Gwahsi,Agaba,32,1588155031
Bond,Andreas,44,1588163679
Beierlorzer,Josie,48,1588160664
Kirk,Simon,45,1588157617
Mueller,Hans,32,1588161781
Kirk,Sarah,36,1588160120
Pomme,Alok,21,1588152011
Beierlorzer,Robert,30,1588160277
Kirk,Timothy,27,1588164994
Wellington,Sarah,27,1588155889
Wellington,Jordi,34,1588169461
Di Lillo,Franz,44,1588159763
Wellington,Timothy,20,1588163006
Meier,Anna,29,1588161774
Meier,Josie,22,1588168781
Pomme,Zoe,29,1588159041
Picard,Ali,41,1588170317
Di Lillo,Hans,39,1588162586
Meier,Andreas,44,1588148889
Wellington,Simon,34,1588165045
Beierlorzer,Francine,27,1588163865
Stephenson,Francine,40,1588157353
Di Lillo,Jordi,36,1588163241
Gwahsi,Anna,49,1588158350
Mueller,Ali,5,1588145188
Mueller,Simon,40,1588152131
Wellington,Lee,22,1588156439
Meier,Jordi,38,1588159238
Thronton,Ali,32,1588161045
Meier,Hans,16,1588160038
Wellington,Josie,19,1588161182
Di Lillo,Anna,51,1588163412
Wellington,Andreas,33,1588155485
Beierlorzer,Sarah,29,1588155083
Roth,Simon,40,1588158931
Kirk,Alok,18,1588158745
Bond,Sarah,46,1588164972
Di Lillo,Thomas,18,1588158103
Mueller,Simon,27,1588162870
Gwahsi,Sarah,32,1588158904
Smith,Jean-Luc,44,1588158020
Pomme,Josie,45,1588164897
Beierlorzer,Lee,31,1588168476
Kirk,Francine,36,1588154951
Roth,Jordi,45,1588166445
Kirk,Hans,36,1588155056
Picard,Zoe,46,1588160876
Kirk,Josie,22,1588155294
Smith,Lee,10,1588154885
Kirk,Lee,38,1588171066
Mueller,Ali,42,1588157906
Bond,Sarah,22,1588151407
Smith,Thomas,30,1588161093
Smith,Thomas,41,1588148664
Di Lillo,Simon,53,1588157185
Gwahsi,Agaba,29,1588152275
Pomme,Alok,56,1588163066
Gwahsi,Simon,25,1588157630
Gwahsi,Andreas,55,1588154891
Beierlorzer,Jean-Luc,48,1588165650
Kirk,Andreas,28,1588155836
Pomme,Josie,35,1588162189
Kirk,Jordi,35,1588166092
Bond,Robert,22,1588164716
Pomme,Robert,40,1588169124
Kirk,Jean-Luc,48,1588158151
Gwahsi,Zoe,44,1588172202
Pomme,Agaba,42,1588163989
Mueller,Robert,40,1588165842
Pomme,Josie,46,1588157830
Mueller,Sarah,37,1588154532
Thronton,Timothy,12,1588157089
Di Lillo,Robert,29,1588158903
Roth,Francine,38,1588157993
Meier,Lee,41,1588156190
Thronton,Hans,22,1588158639
Pomme,Lee,32,1588166641
Bond,Agaba,49,1588160598
Pomme,Hans,20,1588160691
Roth,Zoe,37,1588165231
Kirk,Hans,28,1588163444
Pomme,Jordi,31,1588159027
Meier,Anna,27,1588155048
Beierlorzer,Andreas,22,1588163655
Bond,Josie,45,1588160864
Mueller,Ali,30,1588155831
Smith,Ali,47,1588160927
Di Lillo,Franz,37,1588166030
Mueller,Andreas,52,1588152684
Stephenson,Franz,34,1588158210
Mueller,Anna,29,1588161985
Bond,Agaba,24,1588161955
Pomme,Franz,40,1588157501
Bond,Zoe,29,1588164600
Stephenson,Josie,37,1588148394
Stephenson,Thomas,17,1588159051
Wellington,Agaba,22,1588166594
Thronton,Josie,30,1588160794
Stephenson,Thomas,33,1588162697
Bond,Franz,24,1588157063
Stephenson,Alok,40,1588163589
Bond,Josie,31,1588164081
Bond,Robert,43,1588157779
Kirk,Alok,30,1588159536
Mueller,Hans,35,1588151848
Kirk,Agaba,50,1588163386
Pomme,Sarah,36,1588164981
Meier,Thomas,8,1588162180
Beierlorzer,Agaba,39,1588163264
Thronton,Timothy,41,1588161644
Meier,Agaba,25,1588164330
Wellington,Anna,50,1588157706
Picard,Timothy,35,1588156920
Beierlorzer,Simon,44,1588154917
Pomme,Alok,28,1588162620
Wellington,Anna,56,1588156062
Smith,Hans,48,1588157128
Pomme,Andreas,39,1588151548
Gwahsi,Anna,43,1588162504
Beierlorzer,Francine,28,1588161790
Gwahsi,Zoe,49,1588157979
Stephenson,Hans,44,1588164083
Wellington,Anna,14,1588157091
Bond,Alok,36,1588158028
Picard,Lee,26,1588161083
Thronton,Lee,36,1588168440
Meier,Zoe,26,1588166212
Bond,Agaba,10,1588166619
Di Lillo,Robert,19,1588159383
Di Lillo,Timothy,34,1588160874
Picard,Timothy,37,1588166185
Roth,Jordi,57,1588161553
Wellington,Timothy,40,1588162744
Thronton,Robert,35,1588161987
Roth,Timothy,47,1588165163
Roth,Alok,30,1588159493
Wellington,Hans,35,1588157148
Roth,Ali,35,1588154302
Picard,Anna,51,1588157452
Thronton,Josie,33,1588158252
Bond,Josie,32,1588163160
Bond,Josie,31,1588162263
Stephenson,Anna,35,1588157282
Smith,Robert,26,1588155705
Wellington,Jordi,30,1588159918
Pomme,Sarah,36,1588164801
Beierlorzer,Thomas,35,1588162424
Thronton,Ali,26,1588166583
Thronton,Alok,22,1588164590
Picard,Sarah,38,1588154276
Stephenson,Sarah,27,1588156306
Beierlorzer,Zoe,31,1588154097
Kirk,Zoe,39,1588160976
Mueller,Sarah,30,1588156186
Mueller,Josie,53,1588165884
Bond,Hans,36,1588169099
Di Lillo,Josie,41,1588161904
Beierlorzer,Robert,24,1588166406
Meier,Agaba,39,1588167653
Picard,Zoe,30,1588162165
Meier,Robert,35,1588164456
Di Lillo,Agaba,30,1588163433
Kirk,Lee,37,1588155525
Smith,Thomas,14,1588167777
Meier,Franz,38,1588157428
Pomme,Hans,18,1588156780
Smith,Josie,27,1588162503
Wellington,Thomas,22,1588161352
Di Lillo,Robert,28,1588160719
Smith,Franz,29,1588164926
Thronton,Josie,18,1588162505
Di Lillo,Franz,25,1588155755
Stephenson,Ali,21,1588157729
Beierlorzer,Thomas,34,1588159171
Thronton,Simon,38,1588169132
Bond,Jordi,42,1588161246
Thronton,Timothy,35,1588166791
Picard,Agaba,25,1588168328
Picard,Alok,43,1588150294
Pomme,Jean-Luc,32,1588159670
Wellington,Andreas,34,1588157697
Beierlorzer,Simon,29,1588158615
Beierlorzer,Franz,27,1588159542
Roth,Timothy,24,1588160252
Di Lillo,Alok,38,1588158618
Beierlorzer,Alok,9,1588154684
Bond,Sarah,56,1588156811
Smith,Josie,26,1588165043
Beierlorzer,Agaba,49,1588163805
Di Lillo,Timothy,49,1588154176
Di Lillo,Zoe,40,1588162435
Picard,Robert,44,1588163834
Beierlorzer,Jean-Luc,33,1588150603
Beierlorzer,Alok,49,1588162650
Kirk,Agaba,35,1588169814
Mueller,Ali,43,1588158868
Meier,Andreas,35,1588155425
Wellington,Ali,44,1588166896
Kirk,Alok,32,1588163078
Gwahsi,Lee,44,1588157817
Smith,Zoe,41,1588156084
Gwahsi,Andreas,28,1588163772
Meier,Sarah,42,1588156812
Roth,Francine,15,1588163535
Pomme,Francine,36,1588168183
Smith,Anna,29,1588162758
Stephenson,Robert,39,1588167322
Roth,Agaba,12,1588154453
Picard,Francine,28,1588159919
Roth,Alok,41,1588156627
Meier,Thomas,48,1588154754
Stephenson,Simon,24,1588167783
Roth,Timothy,40,1588158034
Kirk,Josie,47,1588154734
Wellington,Timothy,35,1588162493
Meier,Timothy,46,1588155157
Meier,Robert,51,1588160295
Picard,Francine,31,1588156856
Di Lillo,Timothy,38,1588155922
Gwahsi,Robert,33,1588159107
Thronton,Zoe,42,1588153730
Roth,Zoe,47,1588160497
Roth,Jordi,37,1588168210
Beierlorzer,Zoe,37,1588156468
Roth,Alok,18,1588160859
Smith,Sarah,41,1588154273
Pomme,Robert,37,1588166900
Picard,Alok,29,1588159941
Roth,Ali,29,1588164209
Pomme,Simon,14,1588162997
Bond,Sarah,40,1588156776
Smith,Alok,24,1588162502
Kirk,Thomas,36,1588163872
Picard,Hans,38,1588158116
Roth,Alok,33,1588151415
Wellington,Timothy,42,1588168394
Di Lillo,Agaba,26,1588150365
Smith,Thomas,33,1588160436
Stephenson,Anna,41,1588158521
Smith,Thomas,32,1588159190
Gwahsi,Sarah,21,1588150910
Smith,Timothy,23,1588153254
Meier,Timothy,37,1588159526
Beierlorzer,Ali,28,1588163421
Mueller,Alok,38,1588150633
Beierlorzer,Agaba,21,1588160447
Picard,Sarah,28,1588159729
Mueller,Zoe,41,1588162782
Wellington,Andreas,44,1588159079
Gwahsi,Simon,35,1588161152
Pomme,Agaba,44,1588153299
Beierlorzer,Alok,44,1588152711
Picard,Timothy,30,1588161702
Mueller,Agaba,31,1588153792
Smith,Jean-Luc,32,1588163130
Bond,Josie,26,1588151230
Di Lillo,Sarah,44,1588162628
Meier,Alok,21,1588159622
Wellington,Jordi,48,1588157355
Roth,Josie,31,1588164269
Di Lillo,Jean-Luc,49,1588159647
Wellington,Robert,45,1588152049
Bond,Franz,28,1588159366
Roth,Franz,38,1588147619
Beierlorzer,Andreas,30,1588160600
Smith,Lee,34,1588160020
Meier,Hans,17,1588162330
Stephenson,Jean-Luc,39,1588160229
Picard,Thomas,40,1588152934
Pomme,Ali,29,1588159404
Picard,Timothy,45,1588167219
Meier,Robert,41,1588159578
Bond,Timothy,21,1588154362
Smith,Alok,45,1588156575
Stephenson,Agaba,26,1588156537
Kirk,Andreas,25,1588160550
Beierlorzer,Franz,44,1588166417
Picard,Franz,31,1588158873
Mueller,Franz,45,1588155845
Mueller,Sarah,43,1588148695
Roth,Jean-Luc,29,1588161280
Pomme,Josie,47,1588159089
Meier,Agaba,32,1588162036
Di Lillo,Ali,30,1588156547
Mueller,Josie,43,1588156191
Beierlorzer,Simon,37,1588157275
Meier,Jordi,30,1588155619
Smith,Timothy,22,1588170488
Bond,Anna,36,1588160117
Wellington,Francine,35,1588160148
Wellington,Jordi,23,1588159188
Wellington,Ali,44,1588166513
Mueller,Anna,38,1588154733
Beierlorzer,Hans,26,1588159303
Roth,Ali,44,1588163187
Thronton,Alok,43,1588167321
Roth,Ali,43,1588156666
Smith,Jordi,29,1588162012
Beierlorzer,Anna,32,1588159979
Bond,Anna,53,1588154381
Kirk,Robert,33,1588167004
Thronton,Simon,54,1588158994
Bond,Hans,36,1588157309
Meier,Thomas,38,1588162657
Kirk,Timothy,41,1588165616
Roth,Thomas,20,1588153550
Beierlorzer,Robert,6,1588154807
Stephenson,Agaba,34,1588164164
Roth,Simon,40,1588162711
Beierlorzer,Anna,47,1588157466
Wellington,Franz,33,1588165035
Meier,Anna,52,1588166382
Stephenson,Thomas,29,1588160806
Wellington,Timothy,44,1588162967
Di Lillo,Hans,42,1588158969
Bond,Hans,37,1588162975
Di Lillo,Ali,43,1588157775
Roth,Simon,36,1588165278
Pomme,Sarah,32,1588155083
Bond,Franz,30,1588159326
Di Lillo,Timothy,30,1588171841
Bond,Ali,35,1588160295
Meier,Francine,15,1588153656
Gwahsi,Franz,26,1588158942
Thronton,Alok,33,1588174215
Stephenson,Ali,30,1588153680
Smith,Timothy,33,1588161785
Bond,Josie,45,1588163305
Beierlorzer,Sarah,25,1588167169
Gwahsi,Andreas,38,1588153552
Wellington,Josie,43,1588154293
Gwahsi,Josie,47,1588163444
Gwahsi,Jordi,28,1588155049
Meier,Alok,44,1588162241
Wellington,Francine,27,1588150486
Roth,Andreas,47,1588161596
Beierlorzer,Agaba,26,1588151089
Meier,Simon,28,1588158411
Roth,Hans,38,1588153960
Mueller,Josie,40,1588164263
Bond,Francine,25,1588159828
Bond,Josie,40,1588167062
Stephenson,Zoe,33,1588159936
Smith,Sarah,23,1588161702
Picard,Anna,35,1588155855
Roth,Jordi,45,1588161622
Wellington,Simon,32,1588157589
Kirk,Ali,28,1588161177
Bond,Thomas,36,1588160747
Thronton,Simon,33,1588165339
Mueller,Alok,40,1588167179
Pomme,Josie,42,1588156253
Gwahsi,Sarah,49,1588155876
Bond,Agaba,38,1588161628
Stephenson,Sarah,37,1588154603
Bond,Alok,29,1588159731
Gwahsi,Lee,47,1588162068
Wellington,Andreas,32,1588161149
Bond,Lee,22,1588161790
Smith,Jean-Luc,17,1588150227
Thronton,Jordi,-5,1588150552
Wellington,Lee,18,1588161239
Meier,Ali,35,1588161767
Thronton,Thomas,35,1588159575
Stephenson,Lee,24,1588157836
Kirk,Alok,41,1588164595
Picard,Hans,48,1588154885
Picard,Timothy,18,1588169082
Stephenson,Timothy,20,1588165046
Picard,Ali,49,1588165968
Kirk,Zoe,47,1588165567
Gwahsi,Franz,43,1588165048
Kirk,Jean-Luc,26,1588160645
Stephenson,Sarah,53,1588154935
Smith,Alok,39,1588153620
Roth,Ali,34,1588165019
Mueller,Robert,42,1588165466
Di Lillo,Robert,62,1588158988
Kirk,Lee,19,1588160246
Pomme,Franz,40,1588159625
Gwahsi,Thomas,40,1588165504
Beierlorzer,Jean-Luc,32,1588151074
Thronton,Franz,28,1588171183
